,시도,시군구,사업장명,도로명주소,lat,lng
0,서울특별시,도봉구,퍼스트요양병원,"서울특별시 도봉구 삼양로 616, 2-5층 (쌍문동)",37.6579955,127.0141343
1,서울특별시,영등포구,서울은빛요양병원,서울특별시 영등포구 양평로22사길 9 (양평동5가),37.5408432,126.8949748
2,서울특별시,강남구,하나이비인후과병원,"서울특별시 강남구 역삼로 245, 지하2층일부 1층일부 2~7층 (역삼동)",37.4979314,127.0429957
3,서울특별시,강남구,자생한방병원,"서울특별시 강남구 강남대로 536, 자생한방병원 (논현동)",37.5136787,127.0317124
4,서울특별시,도봉구,서울사랑요양병원,"서울특별시 도봉구 삼양로 574, 2~5층 (쌍문동)",37.65432699999999,127.0132386
5,서울특별시,성북구,의료법인유라의료재단 온누리요양병원,서울특별시 성북구 화랑로 271 (장위동),37.61518720000001,127.0498879
6,서울특별시,서대문구,연세대학교의과대학세브란스병원,서울특별시 서대문구 연세로 50-1 (신촌동),37.5646993,126.9394972
7,서울특별시,강동구,청병원,"서울특별시 강동구 올림픽로 546, G.M.F.빌딩 (성내동)",37.5302776,127.1211744
8,서울특별시,강남구,나누리병원,"서울특별시 강남구 언주로 731, 나누리병원 (논현동)",37.5202957,127.0339776
9,서울특별시,강남구,연세대학교의과대학 강남세브란스병원,"서울특별시 강남구 언주로 211, 강남세브란스병원 (도곡동)",37.4925494,127.0465277
10,서울특별시,도봉구,바로선병원,"서울특별시 도봉구 도봉로 628 (창동, 바로선병원)",37.6603036,127.0420955
11,서울특별시,양천구,목동예치과병원,서울특별시 양천구 오목로 199 (신정동),37.5256907,126.8596364
12,서울특별시,송파구,포레힐요양병원,서울특별시 송파구 오금로 173 (방이동),37.5146174,127.1185123
13,서울특별시,양천구,홍익병원,"서울특별시 양천구 목동로 225, 홍익병원본관 (신정동)",37.5284913,126.8636621
14,서울특별시,강동구,강동경희대학교치과병원,서울특별시 강동구 동남로 892 (상일제1동),37.5532303,127.1574069
15,서울특별시,도봉구,가화한방병원,서울특별시 도봉구 도당로 51(방학동),37.6628275,127.0343551
16,서울특별시,관악구,강남수요양병원,"서울특별시 관악구 신림로64길 11, 지1층,2~11층 (신림동, 성재빌딩)",37.4851538,126.9304515
17,서울특별시,서초구,참포도나무병원,서울특별시 서초구 바우뫼로35길 32 (양재동),37.47992920000001,127.0386696
18,서울특별시,강북구,강북우리들병원,"서울특별시 강북구 한천로 1083, 수유동 (수유동, 광산타워)",37.642553514459536,127.01977360943116
19,서울특별시,송파구,케이치과병원,"서울특별시 송파구 올림픽로 319, 2층 (신천동, 서울시교통회관건물)",37.5156938,127.1054566
20,서울특별시,서초구,의료법인 청해의료재단 제일병원,서울특별시 서초구 서초대로 116 (방배동),37.4878294,126.995077
21,서울특별시,노원구,인제대학교 상계백병원,"서울특별시 노원구 동일로 1342, 상계백병원 (상계동)",37.6485082,127.0631429
22,서울특별시,서초구,재단법인 동국한방병원,서울특별시 서초구 방배로 186 (방배동),37.4902776,126.9923875
23,서울특별시,강동구,의료법인일맥의료재단 강동인애가한방병원,"서울특별시 강동구 성내로6길 15, 인애가한방병원 (성내동)",37.5288198,127.1229842
24,서울특별시,종로구,서울대학교병원,서울특별시 종로구 대학로 101 (연건동),37.5788356,127.0010432
25,서울특별시,서초구,연세사랑병원,서울특별시 서초구 효령로 10 (방배동),37.4767117,126.986712
26,서울특별시,서초구,365엠씨(mc)병원,"서울특별시 서초구 서초중앙로 126, 서울365mc병원 지하1층, 2~13층 (서초동)",37.492992,127.0141168
27,서울특별시,강북구,민병원,"서울특별시 강북구 도봉로 155, 서울민병원 (미아동)",37.6224982,127.0272256
28,서울특별시,강동구,동부센트럴요양병원,"서울특별시 강동구 올림픽로98길 8 (암사동, 동부센트럴요양병원)",37.5510975,127.1284231
29,서울특별시,노원구,노원을지대학교병원,"서울특별시 노원구 한글비석로 68, 을지병원 (하계동)",37.6364607,127.0699252
30,서울특별시,서초구,학교법인가톨릭학원가톨릭대학교서울성모병원,서울특별시 서초구 반포대로 222 (반포동),37.5000792,127.005247
31,서울특별시,서초구,염창환병원,"서울특별시 서초구 서초중앙로 148, 희성빌딩 5,6,9층 (서초동)",37.4950677,127.0136374
32,서울특별시,영등포구,덕수의료재단 서울브레인병원,서울특별시 영등포구 영신로34길 5 (영등포동4가),37.520024,126.9018775
33,서울특별시,양천구,힘찬병원,"서울특별시 양천구 신목로 120 (목동, 힘찬병원)",37.5248645,126.8768227
34,서울특별시,강동구,올바른서울병원,"서울특별시 강동구 양재대로 1525, 명품빌딩 (천호동)",37.5420685,127.1412599
35,서울특별시,송파구,강남센트럴요양병원,"서울특별시 송파구 송이로 156, 태정타워 (가락동)",37.4929964,127.1245911
36,서울특별시,서초구,서울특별시어린이병원,서울특별시 서초구 헌릉로 260 (내곡동),37.4554103,127.0692786
37,서울특별시,강동구,강동경희대학교의대병원,서울특별시 강동구 동남로 892 (상일동),37.5511028,127.1696401
38,서울특별시,강서구,서울고든병원,"서울특별시 강서구 양천로 600, 파인블루빌딩 지하1층,2,7,8층 ,9,10호 (등촌동)",37.5555145,126.8646895
39,서울특별시,강북구,서울현대병원,"서울특별시 강북구 도봉로 374 (번동, 서울현대병원)",37.6402503,127.0285672
40,서울특별시,강북구,현인요양병원,서울특별시 강북구 삼각산로 20 (수유동),37.6386141,127.0066645
41,서울특별시,강북구,포근한병원,서울특별시 강북구 도봉로 266 (미아동),37.63229159999999,127.0241391
42,서울특별시,송파구,송파새희망요양병원,"서울특별시 송파구 오금로 488, 삼원빌딩 (거여동)",37.493467,127.1429152
43,서울특별시,중랑구,서울특별시서울의료원,서울특별시 중랑구 신내로 156 (신내동),37.6129812,127.0979689
44,서울특별시,송파구,빠른병원,"서울특별시 송파구 백제고분로 405, 유니온테크송파빌딩 (송파동)",37.5074701,127.1096805
45,서울특별시,강동구,아이엠치과병원,"서울특별시 강동구 올림픽로 664, 4층 (천호동, 대우 한강 베네시티)",37.5406795,127.1248448
46,서울특별시,송파구,송파드림재활병원,"서울특별시 송파구 송이로 111, B3-6층 (가락동, 청석빌딩)",37.49671670000001,127.1222057
47,서울특별시,서초구,기쁨병원,"서울특별시 서초구 서초중앙로 4, 기쁨병원 (서초동)",37.4826527,127.0180446
48,서울특별시,양천구,의료법인해인의료재단 동신한방병원,"서울특별시 양천구 오목로 351, B2~6,8~9층 (목동)",37.5246179,126.8767614
49,서울특별시,송파구,서울석병원,서울특별시 송파구 송이로 148 (가락동),37.49379709999999,127.1239734
50,서울특별시,도봉구,의료법인 상원의료재단 강북힘찬병원,"서울특별시 도봉구 도봉로 446, 강북힘찬병원 (창동)",37.6457194,127.0332186
51,서울특별시,중랑구,로하스동서울요양병원,"서울특별시 중랑구 봉화산로 194, 신아타운 4,5층 (신내동)",37.6064252,127.0947293
52,서울특별시,강동구,강동성모요양병원,"서울특별시 강동구 올림픽로80길 31, 로뎀빌딩 (천호동)",37.538486,127.123905
53,서울특별시,노원구,한국원자력의학원원자력병원,"서울특별시 노원구 노원로 75, 한국원자력의학원 (공릉동)",37.6294332,127.0826468
54,서울특별시,성북구,학교법인 고려중앙학원 고려대학교의과대학부속병원(안암병원),"서울특별시 성북구 고려대로 73, 고려대병원 (안암동5가)",37.5871445,127.0269854
55,서울특별시,중구,국립중앙의료원,서울특별시 중구 을지로 245 (을지로6가),37.5677844,127.0068849
56,서울특별시,강동구,성심의료재단강동성심병원,서울특별시 강동구 성안로 150 (길동),37.5361234,127.1352442
57,서울특별시,송파구,강남수병원,서울특별시 송파구 삼전로2길 11 (삼전동),37.501334,127.0861523
58,서울특별시,도봉구,에이치큐브병원,서울특별시 도봉구 도봉로 604 (창동),37.65831610000001,127.0410942
59,서울특별시,강남구,기쁨정원치과병원,"서울특별시 강남구 밤고개로1길 10, 315호 (수서동, 수서현대벤쳐빌)",37.4879855,127.1017774
60,서울특별시,강남구,선한목자병원,"서울특별시 강남구 논현로 507 (역삼동, 성지하이츠3차빌딩 2층,3층일부)",37.5015391,127.0361428
61,서울특별시,중랑구,서울라본병원,서울특별시 중랑구 망우로 476 (망우동),37.600322,127.1050915
62,서울특별시,송파구,수치과병원,"서울특별시 송파구 중대로 68 (문정동, 훼밀리샤르망 505호)",37.4915498,127.1164282
63,서울특별시,성북구,의료법인 우신향병원,서울특별시 성북구 안암로 99 (안암동5가),37.5847829,127.0311492
64,서울특별시,강서구,새미래요양병원,서울특별시 강서구 국회대로 233 (화곡동),37.5297378,126.8608728
65,서울특별시,강동구,강동경희대학교한방병원,서울특별시 강동구 동남로 892 (상일동),37.5511028,127.1696401
66,서울특별시,서초구,라이브치과병원,"서울특별시 서초구 강남대로 441, 서산빌딩 11층 (서초동)",37.5017102,127.0252723
67,서울특별시,서초구,가야치과병원,"서울특별시 서초구 방배로 177, 4~6층 (방배동)",37.4892813,126.9922568
68,서울특별시,서초구,필치과병원,"서울특별시 서초구 방배로 245, 3층 (방배동, 현대클리닉빌딩)",37.4947875,126.9888737
69,서울특별시,강서구,면력한방병원,"서울특별시 강서구 마곡중앙6로 93, 열린프라자 6,7,10층 602,603,604,605호 (마곡동)",37.5601822,126.8376983
70,서울특별시,성동구,학교법인대진교육재단 제인병원,서울특별시 성동구 광나루로 243 (송정동),37.5494633,127.0570131
71,서울특별시,동대문구,왕십리휴요양병원,"서울특별시 동대문구 무학로 88 (용두동, 지하2~지상8층)",37.5720548,127.0310123
72,서울특별시,마포구,서울연세병원,"서울특별시 마포구 토정로 271, 대현빌딩 지하1층,지상2~6층 (용강동)",37.5424717,126.9403034
73,서울특별시,서초구,길인의료재단 기린한방병원,"서울특별시 서초구 신반포로49길 3, 기린한방병원 (잠원동)",37.5110423,127.0200781
74,서울특별시,중랑구,의료법인한국의료재단프라임병원,서울특별시 중랑구 공릉로 76 (묵동),37.6172319,127.0794698
75,서울특별시,금천구,실버한방병원,서울특별시 금천구 독산로 362 (독산동),37.4790593,126.9041681
76,서울특별시,송파구,민트병원,"서울특별시 송파구 정의로8길 7, 한스빌딩 1~4층 (문정동)",37.4864522,127.1163747
77,서울특별시,영등포구,성애의료재단 성애병원,"서울특별시 영등포구 여의대방로53길 22 (신길동, 성애병원)",37.5119571,126.9223932
78,서울특별시,강동구,강동한방병원,서울특별시 강동구 양재대로 1556 (길동),37.544434,127.1427308
79,서울특별시,송파구,강남힘찬병원,"서울특별시 송파구 백제고분로 407 (송파동, 지하 2층~7층)",37.5051072,127.1135469
80,서울특별시,양천구,솔빛한방병원,서울특별시 양천구 신월로 151 (신월동),37.5177056,126.8404811
81,서울특별시,양천구,이화여자대학교의과대학부속목동병원,서울특별시 양천구 안양천로 1071 (목동),37.5364909,126.8862688
82,서울특별시,서초구,장덕한방병원,"서울특별시 서초구 서초중앙로 42, 블루핀타워 지하2층,지하1층,1층,2층,3층 동 (서초동)",37.4857592,127.0160952
83,서울특별시,송파구,서울병원,서울특별시 송파구 오금로 290 (가락동),37.4956865,127.1184047
84,서울특별시,강남구,큰사랑요양병원,"서울특별시 강남구 논현로2길 30 (개포동, 지하2층~1층, 지상1층~6층)",37.4729985,127.0526641
85,서울특별시,도봉구,스카이요양병원,서울특별시 도봉구 방학로 177 (방학동),37.6620171,127.0324567
86,서울특별시,강북구,북서울요양병원,"서울특별시 강북구 한천로 1002, 북서울요양병원 (번동)",37.6380977,127.0300576
87,서울특별시,송파구,한솔병원,"서울특별시 송파구 송파대로 445, 한솔병원 (석촌동)",37.5060244,127.1060427
88,서울특별시,도봉구,서울노보스병원,서울특별시 도봉구 도봉로 755(도봉동),37.6721497,127.0436788
89,서울특별시,강서구,강서수한방병원,"서울특별시 강서구 곰달래로 54, 백제빌딩 1~7층 (화곡동)",37.529921,126.8388361
90,서울특별시,강남구,삼성서울병원,"서울특별시 강남구 일원로 81 (일원동, 삼성의료원)",37.4881193,127.0849885
91,서울특별시,송파구,의료법인마리아의료재단마리아병원,"서울특별시 송파구 송이로 152, 마리아 의료재단 새병원 (가락동)",37.4932669,127.1244251
92,서울특별시,중구,서울송도병원,"서울특별시 중구 다산로 78 (신당동, 송도병원)",37.5512287,127.0081282
93,서울특별시,중구,인제대학교 서울백병원,서울특별시 중구 마른내로 9 (저동2가),37.5653878,126.9909563
94,서울특별시,영등포구,의료법인 인봉의료재단 영등포병원,서울특별시 영등포구 당산로31길 10 (당산동3가),37.5236264,126.9004142
95,서울특별시,영등포구,씨엠병원,"서울특별시 영등포구 영등포로36길 13 (영등포동4가, 충무병원)",37.518853,126.9041731
96,서울특별시,강북구,효성요양병원,"서울특별시 강북구 삼양로 204 (미아동, 효성요양병원)",37.622021558874216,127.01759237282307
97,서울특별시,중랑구,한걸음요양병원,"서울특별시 중랑구 망우로 316, 이지팰리스 5~7층 503-2,504,505,601~605,701~705호 (상봉동)",37.5964847,127.0875354
98,서울특별시,송파구,잠실자생한방병원,"서울특별시 송파구 충민로 66, 가든파이브라이프 10층 L-10001~4,L-10006~8호 (문정동)",37.4900768,127.1269901
99,서울특별시,양천구,메디힐병원,"서울특별시 양천구 남부순환로 331 (신월동, 메디힐병원)",37.537254,126.8280387
100,서울특별시,중랑구,장스여성병원,"서울특별시 중랑구 용마산로117길 49, 장스여성병원 비동 (7층 일부제외)동 (망우동)",37.5996996,127.0975403
101,서울특별시,강동구,서울양병원,서울특별시 강동구 천호대로 1159 (길동),37.5340689,127.1401371
102,서울특별시,은평구,최원호병원,"서울특별시 은평구 서오릉로 45, 최원호병원 (녹번동)",37.6047179,126.9238183
103,서울특별시,동대문구,경희대학교병원,서울특별시 동대문구 경희대로 23 (회기동),37.5967122,127.0513948
104,서울특별시,종로구,서울적십자병원,"서울특별시 종로구 새문안로 9, 적십자병원 (평동)",37.5671402,126.9670566
105,서울특별시,성동구,서울연세병원,서울특별시 성동구 왕십리로 296 (행당동),37.5598681,127.0326156
106,서울특별시,중랑구,의료법인풍산의료재단동부제일병원,"서울특별시 중랑구 망우로 511, 동부제일병원 지하1~6층 (망우동)",37.6007867,127.109078
107,서울특별시,송파구,의료법인일맥의료재단 송파인애가한방병원,"서울특별시 송파구 문정로 65, 인애가한방병원 1,2,4,5,6층 (문정동)",37.5052396,127.1351226
108,서울특별시,송파구,뉴스타트병원,"서울특별시 송파구 송이로 76, 뉴스타트병원 (가락동)",37.4992625,127.1194189
109,서울특별시,영등포구,한림대학교 강남성심병원,"서울특별시 영등포구 신길로 1 (대림동, 강남성심병원)",37.4933003,126.9087005
110,서울특별시,동작구,의료법인에이치엠피의료재단녹십초요양병원,서울특별시 동작구 시흥대로 634 (신대방동),37.4883722,126.9066839
111,서울특별시,서초구,대항병원,서울특별시 서초구 남부순환로 2151 (방배동),37.4756642,126.9877396
112,서울특별시,영등포구,의료법인 춘혜의료재단 명지춘혜재활병원,"서울특별시 영등포구 대림로 223 (대림동, 명지춘혜병원)",37.5007036,126.8971012
113,서울특별시,송파구,재단법인아산사회복지재단 서울아산병원,"서울특별시 송파구 올림픽로43길 88, 서울아산병원 (풍납동)",37.5265455,127.1081223
114,서울특별시,송파구,올림픽병원,"서울특별시 송파구 백제고분로 283, 어깨동무빌딩 (석촌동)",37.5027114,127.0979874
115,서울특별시,송파구,경찰병원,"서울특별시 송파구 송이로 123, 국립경찰병원 (가락동)",37.4960568,127.1234223
116,서울특별시,도봉구,경희늘푸른노인전문병원,서울특별시 도봉구 시루봉로 137 (방학동),37.663199,127.0272956
117,서울특별시,종로구,서울대학교치과병원,서울특별시 종로구 대학로 101 (연건동),37.5788356,127.0010432
118,서울특별시,중구,을지치과병원,서울특별시 중구 을지로14길 12 (을지로3가),37.5655951,126.9918915
119,서울특별시,용산구,금강아산병원(재단법인 아산사회복지재단),서울특별시 용산구 이촌로 318 (이촌동),37.5176094,126.9819495
120,서울특별시,종로구,강북삼성병원,서울특별시 종로구 새문안로 29 (평동),37.569203,126.9674914
121,서울특별시,종로구,세란병원,서울특별시 종로구 통일로 256 (무악동),37.575178,126.9574751
122,서울특별시,종로구,로이병원,"서울특별시 종로구 평창문화로 75, 글로리아타운 2층일부,3,5층 (평창동)",37.6068198,126.9692177
123,서울특별시,중구,더블유치과병원,"서울특별시 중구 장충단로 263, 14층 (을지로6가, 밀리오레상가건물)",37.5683219,127.0083106
124,서울특별시,중구,유치과병원,"서울특별시 중구 다산로 175, 3층 (신당동, 명덕빌딩)",37.5592923,127.0128412
125,서울특별시,성동구,서울특별시장애인치과병원,서울특별시 성동구 마장로 207 (홍익동),37.5658853,127.034329
126,서울특별시,중구,라임나무치과병원,"서울특별시 중구 명동길 43, 7층 (명동1가, 신한은행)",37.5643018,126.9846643
127,서울특별시,중구,연세스위트치과병원,"서울특별시 중구 퇴계로 447, 211~213호 (황학동, 황학아크로타워)",37.565869,127.0215764
128,서울특별시,중구,한누리치과병원,"서울특별시 중구 퇴계로 97, 3층 306호 (충무로1가, 고려대연각센터빌딩)",37.56094480000001,126.9825475
129,서울특별시,중구,참바로병원,"서울특별시 중구 다산로 258, 2,3층 (흥인동, 리마크빌)",37.5660339,127.0166438
130,서울특별시,동대문구,맑은수병원,서울특별시 동대문구 천호대로83길 44 (장안동),37.5638431,127.0654709
131,서울특별시,중구,반도정형외과병원,서울특별시 중구 동호로 202 (신당동),37.5559847,127.0101081
132,서울특별시,중구,광화문자생한방병원,"서울특별시 중구 통일로 92, 케이지타워 1,2,8층 (순화동)",37.5636127,126.9692571
133,서울특별시,동대문구,참튼튼병원,서울특별시 동대문구 답십리로 261 (장안동),37.5727746,127.0693478
134,서울특별시,용산구,순천향대학교 부속 서울병원,서울특별시 용산구 대사관로 59 (한남동),37.5337071,127.0043068
135,서울특별시,중랑구,서울특별시 북부병원,서울특별시 중랑구 양원역로 38 (망우동),37.6043319,127.1076979
136,서울특별시,용산구,소화병원(의료법인 소화병원),"서울특별시 용산구 청파로 383 (서계동, 소화아동병원)",37.5537029,126.9686375
137,서울특별시,중랑구,강북21세기병원,서울특별시 중랑구 면목로 473 (상봉동),37.5941147,127.0857818
138,서울특별시,중랑구,팔팔병원,"서울특별시 중랑구 동일로 679 (면목동, 88병원)",37.5908852,127.0796598
139,서울특별시,성동구,서울효사랑요양병원,서울특별시 성동구 동일로 93 (성수동2가),37.5411605,127.063062
140,서울특별시,성북구,의료법인참예원의료재단 성북참요양병원,서울특별시 성북구 북악산로1길 71 (정릉동),37.5976063,127.0053217
141,서울특별시,성북구,동서요양병원,서울특별시 성북구 동소문로 306 (하월곡동),37.6046451,127.0393912
142,서울특별시,성북구,보문효사랑요양병원,서울특별시 성북구 보문로 46 (보문동7가),37.5806761,127.0209333
143,서울특별시,성북구,서울척병원,서울특별시 성북구 동소문로47길 8 (길음동),37.6088387,127.0292497
144,서울특별시,성북구,로덴치과병원,서울특별시 성북구 종암로 72 (종암동),37.5968745,127.0356401
145,서울특별시,성북구,새마음요양병원,서울특별시 성북구 동소문로 215 (정릉동),37.6014067,127.0214907
146,서울특별시,성동구,한양대학교병원,서울특별시 성동구 왕십리로 222-1 (사근동),37.5623475,127.0468637
147,서울특별시,성북구,성북웰니스요양병원,서울특별시 성북구 보문로 86 (보문동4가),37.5818595,127.0215369
148,서울특별시,성북구,더서울병원,서울특별시 성북구 아리랑로 16 (동선동4가),37.593509,127.0167986
149,서울특별시,성동구,시온요양병원,"서울특별시 성동구 자동차시장1길 85, 지하1,지상3~5층 (용답동, JS빌딩)",37.5604691,127.0671318
150,서울특별시,성북구,사회복지법인 성가소비녀회 성가복지병원,서울특별시 성북구 종암로 191 (하월곡동),37.6070742,127.0305156
151,서울특별시,성동구,굿모닝요양병원,"서울특별시 성동구 천호대로 436, 2~7층 (용답동)",37.56072940000001,127.0672231
152,서울특별시,성동구,9988병원,서울특별시 성동구 왕십리로 269 (행당동),37.5605312,127.0356358
153,서울특별시,성동구,재단법인베스티안재단베스티안서울병원,서울특별시 성동구 왕십리로 382 (하왕십리동),37.56398739999999,127.0280247
154,서울특별시,성동구,연세슬기병원,서울특별시 성동구 무학로2길 8 (도선동),37.5642916,127.0306801
155,서울특별시,광진구,바른본병원,서울특별시 광진구 천호대로 630 (능동),37.5505785,127.0817378
156,서울특별시,광진구,서울프라임병원,"서울특별시 광진구 동일로 92-1, B1~2, 2~7층 (자양동)",37.5407911,127.0636849
157,서울특별시,광진구,광진예치과병원,서울특별시 광진구 천호대로 556 (능동),37.5567097,127.0797015
158,서울특별시,광진구,제니스병원,서울특별시 광진구 자양로 215 (구의동),37.5465119,127.0864452
159,서울특별시,광진구,에스(S)리더치과병원,"서울특별시 광진구 능동로 103, 3.4층 (화양동)",37.5403776,127.0705256
160,서울특별시,광진구,연세무척나은병원,서울특별시 광진구 천호대로 568 (능동),37.5562664,127.0808064
161,서울특별시,광진구,동부참사랑요양병원,서울특별시 광진구 동일로 154 (화양동),37.5458151,127.0664104
162,서울특별시,광진구,국립정신건강센터,"서울특별시 광진구 용마산로 127 (중곡동, 국립정신건강센터)",37.564971,127.0856469
163,서울특별시,광진구,건국대학교병원,서울특별시 광진구 능동로 120-1 (화양동),37.5449346,127.0713277
164,서울특별시,도봉구,로덴성문치과병원,"서울특별시 도봉구 도봉로 569, 5층 (쌍문동, 준우빌딩)",37.6558527,127.0385703
165,서울특별시,은평구,본서부병원,서울특별시 은평구 은평로 133 (응암동),37.6009705,126.9225885
166,서울특별시,동대문구,의료법인마리아의료재단마리아병원,서울특별시 동대문구 천호대로 20 (신설동),37.5779054,127.0260441
167,서울특별시,동대문구,서울특별시 동부병원,서울특별시 동대문구 무학로 124 (용두동),37.5753425,127.031536
168,서울특별시,동대문구,다일천사병원,"서울특별시 동대문구 서울시립대로 57, 천사병원 B1,1,2,3,6층 (전농동)",37.5765804,127.0476409
169,서울특별시,동대문구,코리아병원,서울특별시 동대문구 장한로 143 (장안동),37.573212,127.0714983
170,서울특별시,동대문구,시카고치과병원,서울특별시 동대문구 천호대로 2 (신설동),37.5783838,127.0271122
171,서울특별시,동대문구,신우요양병원,"서울특별시 동대문구 한천로 207, 지하1,지상1,3~6층 (전농동)",37.5794714,127.0680537
172,서울특별시,동대문구,햇살요양병원,"서울특별시 동대문구 장한로 152, 지하1~2층, 지상3 ~10층 (장안동)",37.5740349,127.0722051
173,서울특별시,동대문구,하늘병원,"서울특별시 동대문구 천호대로 317, 하늘병원 (답십리동)",37.5652181,127.0555774
174,서울특별시,동대문구,날개병원,서울특별시 동대문구 무학로 193-1 (용두동),37.5816147,127.0294682
175,서울특별시,동대문구,영동병원,서울특별시 동대문구 한천로 4 (장안동),37.570207,127.0700249
176,서울특별시,동대문구,서울나은병원,서울특별시 동대문구 왕산로 137 (제기동),37.5883231,127.0369644
177,서울특별시,동대문구,서울명병원,서울특별시 동대문구 고산자로 421 (용두동),37.5773807,127.0379876
178,서울특별시,동대문구,멘토스병원,서울특별시 동대문구 한천로 49 (답십리동),37.5701894,127.0607706
179,서울특별시,동대문구,경희대학교치과병원,"서울특별시 동대문구 경희대로 23 (회기동, 경희의료원)",37.5938755,127.0513235
180,서울특별시,동대문구,서울에이스요양병원,서울특별시 동대문구 고산자로 379 (용두동),37.5736984,127.0377315
181,서울특별시,동대문구,효림요양병원,서울특별시 동대문구 천호대로 259-1 (답십리동),37.5704795,127.0570001
182,서울특별시,은평구,가톨릭대학교 은평성모병원,서울특별시 은평구 통일로 1021 (진관동),37.6335822,126.9161092
183,서울특별시,동대문구,경희대학교한방병원,서울특별시 동대문구 경희대로 23 (회기동),37.5967122,127.0513948
184,서울특별시,동대문구,삼육치과병원,서울특별시 동대문구 망우로 82 (휘경동),37.589321,127.064443
185,서울특별시,동대문구,린여성병원,"서울특별시 동대문구 답십리로 266, 파워스빌딩 (장안동)",37.5722335,127.0698358
186,서울특별시,동대문구,삼육서울병원,서울특별시 동대문구 망우로 82 (휘경동),37.589321,127.064443
187,서울특별시,은평구,의료법인 청구성심병원,서울특별시 은평구 통일로 873 (갈현동),37.621541,126.913578
188,서울특별시,은평구,연세노블병원,서울특별시 은평구 서오릉로 37 (녹번동),37.6024109,126.9351358
189,서울특별시,중랑구,연세본병원,"서울특별시 중랑구 면목로 310, 4,5,6,7층일부층 (면목동)",37.5796201,127.087991
190,서울특별시,동대문구,서울성심병원,"서울특별시 동대문구 왕산로 259, 서울성심병원 (청량리동)",37.58414390000001,127.0498232
191,서울특별시,동대문구,대한민국요양병원,"서울특별시 동대문구 장한로 200 (장안동, KS빌딩)",37.5782745,127.0725079
192,서울특별시,중랑구,마디세상병원,서울특별시 중랑구 동일로 890 (묵동),37.6099111,127.0782157
193,서울특별시,서대문구,연세대학교치과대학치과병원,서울특별시 서대문구 연세로 50-1 (신촌동),37.5646993,126.9394972
194,서울특별시,중랑구,조앤조병원,"서울특별시 중랑구 망우로 474 (망우동, 조앤조병원)",37.6002725,127.1047161
195,서울특별시,동대문구,지혜병원,서울특별시 동대문구 천호대로 421 (장안동),37.5641552,127.0641598
196,서울특별시,중랑구,마인드웰병원,"서울특별시 중랑구 망우로 403, 5층,6층,7층 (망우동)",37.5995554,127.096928
197,서울특별시,중랑구,디앤에프병원,"서울특별시 중랑구 봉화산로 64 (중화동, 디엔에프병원)",37.60147342215921,127.07859172087012
198,서울특별시,노원구,서울제일한방병원,"서울특별시 노원구 노원로 461, 2층 (상계동)",37.6573368,127.0654485
199,서울특별시,중랑구,늘찬병원,"서울특별시 중랑구 동일로 643, 화성빌딩 지하1, 2~8층 (면목동)",37.5879789,127.0796315
200,서울특별시,성북구,의료법인서광의료재단 성북중앙병원,서울특별시 성북구 종암로 72 (종암동),37.5968745,127.0356401
201,서울특별시,구로구,고려대학교의과대학부속구로병원,"서울특별시 구로구 구로동로 148, 고려대부속구로병원 (구로동)",37.4922173,126.8849478
202,서울특별시,도봉구,포근한맘요양병원,"서울특별시 도봉구 삼양로 606, 2~5층 (쌍문동)",37.657061,127.013852
203,서울특별시,강서구,부민병원,"서울특별시 강서구 공항대로 389, 부민병원 (등촌동)",37.556895,126.850927
204,서울특별시,강서구,미즈메디병원,서울특별시 강서구 강서로 295 (내발산동),37.5524944,126.8333061
205,서울특별시,강서구,로고스치과병원,"서울특별시 강서구 공항대로 281, 3층 (등촌동)",37.5575223,126.8559611
206,서울특별시,도봉구,베이직병원,"서울특별시 도봉구 삼양로 610, 지하1층층 지상1,2,3,4호 (쌍문동, 산수디앤씨)",37.6574249,127.0140134
207,서울특별시,도봉구,다나병원,서울특별시 도봉구 해등로 129 (창동),37.6550369,127.0403858
208,서울특별시,구로구,아름제일병원,"서울특별시 구로구 새말로 94, 2~6층, 9층 / 새말로 110 지하1층동 3~6층 (구로동)",37.505465,126.8904607
209,서울특별시,도봉구,성모샘병원,"서울특별시 도봉구 도봉로 683, 5,6,7층 (방학동)",37.66557299999999,127.0421697
210,서울특별시,구로구,구로성심병원,"서울특별시 구로구 경인로 427, 구로성심병원 (고척동)",37.4996208,126.866356
211,서울특별시,금천구,금천수요양병원,"서울특별시 금천구 남부순환로 1400, 2~9층 (독산동)",37.4800101,126.9064926
212,서울특별시,구로구,아나파한방병원,"서울특별시 구로구 중앙로1길 18-18, 2층 (고척동, 신원프라자)",37.49927450000001,126.8636188
213,서울특별시,중랑구,녹색병원,서울특별시 중랑구 사가정로49길 53 (면목동),37.5835428,127.0862135
214,서울특별시,노원구,강북예치과병원,"서울특별시 노원구 노해로81길 5-6, 노원스퀘어 5-7층 (상계동)",37.6552273,127.0624913
215,서울특별시,영등포구,한강수병원,"서울특별시 영등포구 영등포로 83, 한강수병원 (양평동1가)",37.5223465,126.890717
216,서울특별시,관악구,의료법인서울효천의료재단 에이치플러스양지병원,"서울특별시 관악구 남부순환로 1636, 양지병원 (신림동)",37.48413,126.9325195
217,서울특별시,관악구,강남힐병원,"서울특별시 관악구 남부순환로 1449, 강남힐병원 (신림동)",37.4815354,126.9118202
218,서울특별시,은평구,한국효요양병원,"서울특별시 은평구 은평로 170, 6층,7층,8층 (응암동, 상현빌딩동)",37.6012086,126.9269039
219,서울특별시,은평구,가톨릭대학교 은평성모병원,서울특별시 은평구 통일로 1021 (진관동),37.6335822,126.9161092
220,서울특별시,은평구,의료법인 성누가의료재단 성누가병원,"서울특별시 은평구 통일로 726, 불광메디컬타워 1~12층 (불광동)",37.6105218,126.9303279
221,서울특별시,은평구,연세에덴요양병원,서울특별시 은평구 통일로 669 (녹번동),37.6061077,126.9333747
222,서울특별시,은평구,오렌지요양병원,"서울특별시 은평구 연서로 209, 보성빌 2,3일부,4~6층 (갈현동)",37.6173368,126.9187981
223,서울특별시,은평구,21C메트로한방병원,"서울특별시 은평구 갈현로 24, 2층 201,202호 (신사동)",37.6002042,126.9104647
224,서울특별시,은평구,서울특별시서북병원,서울특별시 은평구 갈현로7길 49 (역촌동),37.607074,126.9114516
225,서울특별시,은평구,문치과병원,서울특별시 은평구 통일로 809-1 (대조동),37.6161193,126.9237253
226,서울특별시,은평구,서울재활병원,서울특별시 은평구 갈현로11길 30 (구산동),37.6105584,126.9113127
227,서울특별시,은평구,서울병원,서울특별시 은평구 진흥로 191 (대조동),37.6150894,126.9231934
228,서울특별시,은평구,서울특별시은평병원,서울특별시 은평구 백련산로 90 (응암동),37.5938708,126.9237006
229,서울특별시,은평구,은평연세병원,서울특별시 은평구 연서로 177 (갈현동),37.621541,126.913578
230,서울특별시,서대문구,잎사귀치과병원,"서울특별시 서대문구 연세로5길 26, 5,7,9층 (창천동)",37.556569,126.9354326
231,서울특별시,송파구,의료법인참예원의료재단 송파참요양병원,"서울특별시 송파구 마천로 164, 송파참병원 (오금동)",37.5034894,127.1373967
232,서울특별시,강남구,안강병원,"서울특별시 강남구 언주로 327, 지하1층, 2~7층 (역삼동)",37.4970674,127.0449211
233,서울특별시,은평구,리드힐병원,"서울특별시 은평구 연서로 10, 지하2~지상9층 (역촌동)",37.5997962,126.9164468
234,서울특별시,강남구,메디움강남요양병원,서울특별시 강남구 강남대로 276(도곡동),37.48859059999999,127.0452757
235,서울특별시,은평구,하나효요양병원,"서울특별시 은평구 서오릉로 149, 세웅그룹빌딩 3~9층 (구산동)",37.6115551,126.9161904
236,서울특별시,강남구,포레스트요양병원,"서울특별시 강남구 도산대로 209, 포레스트요양병원 (신사동)",37.520478,127.0293822
237,서울특별시,강남구,트리니티요양병원,"서울특별시 강남구 봉은사로 535 (삼성동, 트리니티재활병원빌딩, 지하1,2층, 지상1~11층)",37.5142613,127.058658
238,서울특별시,서대문구,강북연세요양병원,서울특별시 서대문구 성산로 335 (연희동),37.566131,126.9275766
239,서울특별시,서대문구,제이여성병원,"서울특별시 서대문구 통일로 442 (홍제동, 제이여성병원)",37.5884637,126.9449078
240,서울특별시,서대문구,가자연세병원,"서울특별시 서대문구 수색로 18, 2~5층 (남가좌동, 영보웨딩부페)",37.5689223,126.9165866
241,서울특별시,서대문구,효담요양병원,서울특별시 서대문구 통일로 544 (홍은동),37.5962643,126.9395997
242,서울특별시,서대문구,의료법인제민의료재단동서병원,서울특별시 서대문구 성산로 365-14 (연희동),37.5646269,126.9301576
243,서울특별시,서대문구,의료법인 원중의료재단 우리내일병원,"서울특별시 서대문구 신촌로37길 10, 우리내일병원 지하4층~지하1층 ,4층~10층호 (북아현동)",37.5576728,126.956993
244,서울특별시,서대문구,의료법인제민의료재단동서한방병원,서울특별시 서대문구 성산로 365-14 (연희동),37.5646269,126.9301576
245,서울특별시,서대문구,사랑요양병원,서울특별시 서대문구 수색로 131 (북가좌동),37.5741722,126.9056422
246,서울특별시,서대문구,의료법인동신의료재단 동신병원,"서울특별시 서대문구 연희로 272, 동신병원 본관동 (홍은동)",37.58115590000001,126.9365265
247,서울특별시,은평구,인정병원,서울특별시 은평구 응암로 164 (응암동),37.5865364,126.9163516
248,서울특별시,서대문구,재단법인대성병원,서울특별시 서대문구 세무서길 20 (홍제동),37.5888967,126.9458407
249,서울특별시,마포구,신촌연세병원,"서울특별시 마포구 서강로 110, 지2층~6층 (신수동)",37.5524642,126.9336613
250,서울특별시,마포구,혜당한방병원,"서울특별시 마포구 독막로 32, A동 지1,123457층 (합정동)",37.5480746,126.9167911
251,서울특별시,강남구,강남초이스정형외과병원,"서울특별시 강남구 테헤란로 337 (역삼동, 4~9층)",37.5047883,127.0484604
252,서울특별시,강남구,누네안과병원,"서울특별시 강남구 테헤란로 408, 대치빌딩 지상9층~지상17층 (대치동)",37.5045198,127.0502854
253,서울특별시,마포구,에스엠씨요양병원,"서울특별시 마포구 월드컵북로 165, 지하1층~5층 (성산동, SMC)",37.5668837,126.9099081
254,서울특별시,마포구,네모치과병원,"서울특별시 마포구 양화로 178, 3층 (동교동)",37.5575305,126.9251518
255,서울특별시,마포구,한그루치과병원,"서울특별시 마포구 마포대로 78, 자람빌딩 3층 (도화동)",37.5418429,126.949723
256,서울특별시,마포구,신촌다인치과병원,"서울특별시 마포구 신촌로 94, 10층,11층 (노고산동, 그랜드플라자)",37.5551211,126.9359814
257,서울특별시,양천구,포미즈여성병원,"서울특별시 양천구 공항대로 610 (목동, 정종일산부인과)",37.5490957,126.8657684
258,서울특별시,마포구,연세한강병원,"서울특별시 마포구 마포대로 25, 대농빌딩 2,3,5층 (마포동)",37.5394235,126.9447973
259,서울특별시,송파구,미래본병원,"서울특별시 송파구 송파대로 562, 2,3,8층 (신천동, 한빛프라자,삼성웰리스아파트)",37.51533149999999,127.0995423
260,서울특별시,송파구,의료법인일맥의료재단 인애가요양병원,"서울특별시 송파구 마천로15길 6, 인애가요양병원 (오금동)",37.505327,127.134989
261,서울특별시,양천구,라온휴병원,"서울특별시 양천구 신월로 164, 8층 9층 (신월동, 승일뷰티타워)",37.5177074,126.8420063
262,서울특별시,양천구,서울특별시서남병원,서울특별시 양천구 신정이펜1로 20 (신정동),37.5118952,126.8331574
263,서울특별시,양천구,양천효요양병원,"서울특별시 양천구 오목로 121 (신정동, 양천효요양병원)",37.5243117,126.8511343
264,서울특별시,양천구,이엔이치과병원,서울특별시 양천구 신정중앙로 103 (신정동),37.5265011,126.8633679
265,서울특별시,양천구,목동중앙치과병원,"서울특별시 양천구 목동서로 285, 황금프라자 10층 (신정동)",37.521898,126.8690567
266,서울특별시,강동구,남기세병원,서울특별시 강동구 천호대로 1133 (길동),37.5346961,127.1375085
267,서울특별시,강동구,강동미즈여성병원,서울특별시 강동구 천호대로 1043 (천호동),37.5376011,127.1281052
268,서울특별시,강동구,허리나은병원,서울특별시 강동구 천호대로 1012 (성내동),37.5304933,127.128992
269,서울특별시,강서구,서울스타병원,"서울특별시 강서구 강서로 307, 서울스타병원빌딩 3,4,5,6,7,층 8,9호 (내발산동)",37.55323,126.8362668
270,서울특별시,강서구,더와이즈치과병원,"서울특별시 강서구 화곡로 186, 세웅빌딩 1~5층 (화곡동)",37.5421829,126.8421582
271,서울특별시,강서구,365강서수요양병원,"서울특별시 강서구 양천로 35, 1~6층 (방화동)",37.5730096,126.8076716
272,서울특별시,강서구,경희생생한방병원,"서울특별시 강서구 공항대로41길 34, 플러스존 3,4층 (등촌동)",37.55925560000001,126.8456771
273,서울특별시,강서구,솔병원,"서울특별시 강서구 방화대로 352, 1~4층 (방화동)",37.5722817,126.8172149
274,서울특별시,강서구,강서힘찬병원,"서울특별시 강서구 강서로56길 38 (등촌동, 강서힘찬병원)",37.5591924,126.840646
275,서울특별시,강동구,달려라병원,서울특별시 강동구 천호대로 1165 (길동),37.5341106,127.1409322
276,서울특별시,도봉구,의성한방병원,"서울특별시 도봉구 도봉로152길 26, 렉시온프라자 2, 3, 4층 (방학동)",37.6691927,127.0452616
277,서울특별시,강동구,한국보훈복지의료공단 서울요양병원,"서울특별시 강동구 진황도로61길 53, 중앙보훈병원 (둔촌동)",37.52969727903149,127.14482697203589
278,서울특별시,강동구,공안과병원,서울특별시 강동구 풍성로37길 45 (성내동),37.5338644,127.1260423
279,서울특별시,강서구,새빛요양병원,"서울특별시 강서구 화곡로61길 109, 천수빌딩 2,3,4,5층 (등촌동)",37.5582557,126.8465382
280,서울특별시,강서구,의료법인 나누리병원,"서울특별시 강서구 가로공원로 187, 나누리강서병원 (화곡동)",37.5373118,126.8366869
281,서울특별시,강동구,사랑플러스병원,서울특별시 강동구 양재대로 1580 (명일동),37.54667999999999,127.1435799
282,서울특별시,광진구,혜민병원,서울특별시 광진구 자양로 85 (자양동),37.5351884,127.0834641
283,서울특별시,강서구,우리들병원,서울특별시 강서구 하늘길 70 (과해동),37.5618103,126.7986587
284,서울특별시,강서구,방화병원,"서울특별시 강서구 양천로 92, 지하1, 지상1~6층 층호 (방화동, 방화정형외과)",37.5731777,126.8140114
285,서울특별시,노원구,강북연세병원,서울특별시 노원구 동일로 996 (공릉동),37.6304722,127.0909904
286,서울특별시,노원구,의료법인 행복나눔의료재단 사랑요양병원,"서울특별시 노원구 동일로243길 45 (상계동, 사랑요양병원)",37.678406,127.052625
287,서울특별시,노원구,더조은요양병원,서울특별시 노원구 화랑로 323 (월계동),37.6282394,127.0567599
288,서울특별시,종로구,서울지구병원,서울특별시 종로구 삼청로10길 13 (삼청동),37.5880573,126.9828623
289,서울특별시,강서구,서울바로나치과병원,"서울특별시 강서구 화곡로 176-4, 5층 (화곡동)",37.5416444,126.841159
290,서울특별시,강서구,실로암안과병원,"서울특별시 강서구 등촌로 181 (등촌동, 실로암안과병원)",37.5460231,126.8622072
291,서울특별시,강서구,유광사여성병원,서울특별시 강서구 강서로 194 (화곡동),37.5436493,126.8389237
292,서울특별시,노원구,노원솔요양병원,"서울특별시 노원구 덕릉로 690, 기업은행 2,3,4,5층 (중계동)",37.6591724,127.0757695
293,서울특별시,노원구,희망요양병원,서울특별시 노원구 상계로26길 7 (상계동),37.6582268,127.0708846
294,서울특별시,노원구,방병원,"서울특별시 노원구 동일로 989, 1~9층 (공릉동)",37.6184173,127.075007
295,서울특별시,노원구,다인치과병원,"서울특별시 노원구 노해로 507, 5층 (상계동, 와우쇼핑몰)",37.6553388,127.0637614
296,서울특별시,노원구,선의요양병원,"서울특별시 노원구 동일로 1419, 9층~11층 (상계동)",37.6553063,127.0598512
297,서울특별시,강서구,핑크힐병원,서울특별시 강서구 양천로 712 (염창동),37.549468,126.8748748
298,서울특별시,노원구,태릉마이크로병원,서울특별시 노원구 동일로 987 (공릉동),37.6304722,127.0909904
299,서울특별시,강서구,강서필병원,서울특별시 강서구 강서로17길 24 (화곡동),37.5330015,126.8443356
300,서울특별시,강서구,참요양병원,서울특별시 강서구 강서로 182 (화곡동),37.5428142,126.8397134
301,서울특별시,강서구,강서송도병원,"서울특별시 강서구 공항대로 315 (등촌동, 서울시니어강서타워)",37.5584666,126.8427925
302,서울특별시,강서구,서울대효병원,"서울특별시 강서구 강서로47가길 33, 덕산빌딩 2,3,4,5,6층 (내발산동)",37.5509824,126.8357663
303,서울특별시,강서구,웰튼병원,"서울특별시 강서구 마곡중앙5로 22, 지하1,2지상4,1층 0,11,12호 (마곡동)",37.5672509,126.8253028
304,서울특별시,강동구,서울현대요양병원,서울특별시 강동구 올림픽로 684 (천호동),37.542267,127.1253066
305,서울특별시,구로구,의료법인 서울효천의료재단 에이치플러스자립병원,"서울특별시 구로구 공원로6가길 4, 고려 수 타워 (구로동)",37.5018885,126.8915897
306,서울특별시,영등포구,새롬한방병원,"서울특별시 영등포구 도신로 41 (대림동, 코스모메디칼)",37.5051816,126.8974098
307,서울특별시,강동구,참잘함한방병원,"서울특별시 강동구 양재대로 1517, 남해빌딩 2층일부, 3~5층 (천호동)",37.5412353,127.140871
308,서울특별시,관악구,서울퍼스트병원,"서울특별시 관악구 은천로 51 (봉천동, 2,3,4,5,6층)",37.4862469,126.9410887
309,서울특별시,강동구,더셀채원병원,"서울특별시 강동구 성내로 66, 채원자연통합병원빌딩 (성내동)",37.527662838041785,127.12414534850292
310,서울특별시,구로구,예스병원,"서울특별시 구로구 구로동로 147, MEDI FLOWER 147 (구로동)",37.4917461,126.8833497
311,서울특별시,구로구,참튼튼병원,"서울특별시 구로구 시흥대로 547, 금강빌딩 지하1,2~10층(구로동), 디지털로32가길 25, 티타운빌딩 B102,103,205,206,302 (구로동)",37.4821697,126.8988986
312,서울특별시,구로구,의료법인 우리아이들 의료재단 우리아이들병원,"서울특별시 구로구 새말로 15, 2~9층 (구로동, 삼전솔하임)",37.5021971,126.8824818
313,서울특별시,강북구,경희치과병원,"서울특별시 강북구 도봉로 358 (번동, 코스타타워)",37.6391935,127.027296
314,서울특별시,구로구,삼성미래여성병원,"서울특별시 구로구 서해안로 2296, 삼성미래여성병원 (오류동)",37.4912666,126.8404118
315,서울특별시,강남구,차의과학대학교 강남차병원,"서울특별시 강남구 논현로 566, 강남차병원(역삼동650-9, 606-4, 605외2필지(지하7층~지하1층, 지상2층~7층)) (역삼동)",37.506905,127.0344844
316,서울특별시,구로구,마루치과병원,서울특별시 구로구 새말로 110 (구로동),37.5062335,126.8920259
317,서울특별시,구로구,연세사랑모아여성병원,서울특별시 구로구 중앙로 100 (고척동),37.5063403,126.8606225
318,서울특별시,구로구,의료법인다나의료재단구로다나병원,"서울특별시 구로구 개봉로 126 (개봉동, 구로다나병원빌딩)",37.4968022,126.8568913
319,서울특별시,구로구,의료법인 어울림의료재단 정성요양병원,"서울특별시 구로구 남부순환로 1287, 정성요양병원 2.3.5층 남부순환로 107길 24동 (가리봉동)",37.4789329,126.8938691
320,서울특별시,강북구,국립재활원,"서울특별시 강북구 삼각산로 58 (수유동, 국립재활원)",37.6391706,127.0106175
321,서울특별시,강북구,의료법인성화의료재단  대한병원,"서울특별시 강북구 도봉로 301 (수유동, 대한병원)",37.6352594,127.0228979
322,서울특별시,강북구,햇빛병원,서울특별시 강북구 도봉로 74 (미아동),37.6157301,127.0302217
323,서울특별시,강북구,신일병원,서울특별시 강북구 덕릉로 73 (수유동),37.6347879,127.0218307
324,서울특별시,강동구,한국보훈복지의료공단 중앙보훈병원,서울특별시 강동구 진황도로61길 53 (둔촌동),37.5296969,127.1477172
325,서울특별시,구로구,목동현대요양병원,"서울특별시 구로구 중앙로 91, 본소클리닉스 (고척동)",37.5055576,126.8604289
326,서울특별시,도봉구,의료법인한전의료재단 한일병원,"서울특별시 도봉구 우이천로 308, 한일병원 (쌍문동)",37.6458568,127.0285789
327,서울특별시,금천구,아카시아병원,서울특별시 금천구 시흥대로114길 5 (독산동),37.4681059,126.8985752
328,서울특별시,금천구,성지병원,서울특별시 금천구 가산로 122 (가산동),37.476546,126.8929109
329,서울특별시,금천구,새움병원,"서울특별시 금천구 시흥대로139길 8, 새움병원 (독산동)",37.4729951,126.8976605
330,서울특별시,금천구,성신고려요양병원,서울특별시 금천구 범안로 1191 (독산동),37.4667245,126.8940765
331,서울특별시,금천구,서울바른세상병원,"서울특별시 금천구 시흥대로 421 (독산동, 건국빌딩)",37.4710728,126.8977578
332,서울특별시,금천구,녹십자요양병원,"서울특별시 금천구 시흥대로 202, 3,4층 (시흥동, 대의빌딩)",37.450992,126.9008414
333,서울특별시,금천구,서울대효병원,"서울특별시 금천구 시흥대로 230, 서평빌딩 5,6,7층 (시흥동)",37.4544206,126.9012396
334,서울특별시,구로구,의료법인 미소들노인전문병원,"서울특별시 구로구 고척로21나길 88-41 (개봉동, 미소들병원)",37.5029367,126.8411549
335,서울특별시,금천구,구로한방병원,서울특별시 금천구 남부순환로 1398 (독산동),37.4799593,126.9061177
336,서울특별시,금천구,희명병원,서울특별시 금천구 시흥대로 244 (시흥동),37.4557233,126.9006229
337,서울특별시,영등포구,대림성모병원,"서울특별시 영등포구 시흥대로 657 (대림동, 대림성모병원)",37.4906357,126.9071846
338,서울특별시,영등포구,건양의료재단 김안과병원,서울특별시 영등포구 영신로 136 (영등포동4가),37.5196247,126.9013986
339,서울특별시,영등포구,가톨릭대학교 여의도성모병원,"서울특별시 영등포구 63로 10, 여의도성모병원 (여의도동)",37.5179713,126.936089
340,서울특별시,영등포구,명지성모병원,"서울특별시 영등포구 도림로 156, 명지성모병원 (대림동)",37.4939034,126.8992293
341,서울특별시,영등포구,마리아성모요양병원,"서울특별시 영등포구 영중로 122 (영등포동8가, 일이빌딩)",37.5283544,126.9053409
342,서울특별시,영등포구,신화요양병원,서울특별시 영등포구 영중로 100 (영등포동7가),37.5242915,126.9071195
343,서울특별시,영등포구,새길병원,서울특별시 영등포구 영중로 59 (영등포동6가),37.5215941,126.9032142
344,서울특별시,영등포구,한림대학교 한강성심병원,"서울특별시 영등포구 버드나루로7길 12 (영등포동7가, 한강성심병원)",37.523134,126.9096815
345,서울특별시,영등포구,대림요양병원,"서울특별시 영등포구 가마산로 381 (대림동, 한세빌딩)",37.5026502,126.8997613
346,서울특별시,영등포구,닥터김앤박요양병원,"서울특별시 영등포구 영중로 133, 2~5층 (영등포동8가)",37.5283544,126.9053409
347,서울특별시,영등포구,대명요양병원,"서울특별시 영등포구 양평로 99, 지하2, 6~9층 (양평동4가, 대명빌딩)",37.536449,126.8960585
348,서울특별시,영등포구,어울림병원,"서울특별시 영등포구 영등포로 386 (신길동, 동인빌딩)",37.5132903,126.9209488
349,서울특별시,영등포구,재단법인한국산업보건환경연구소부설 해상병원,서울특별시 영등포구 신길로 173 (신길동),37.5076056,126.910675
350,서울특별시,영등포구,로하스참사랑요양병원,서울특별시 영등포구 경인로77길 6 (문래동2가),37.5129107,126.8951669
351,서울특별시,동작구,청화병원,서울특별시 동작구 장승배기로 108 (노량진동),37.507145,126.9401731
352,서울특별시,동작구,정동병원,서울특별시 동작구 양녕로 283 (상도1동),37.5049528,126.9494449
353,서울특별시,동작구,중앙대학교병원,서울특별시 동작구 흑석로 102 (흑석동),37.5070482,126.9608627
354,서울특별시,동작구,따뜻한치과병원,"서울특별시 동작구 동작대로 13, 3층 (사당동)",37.47778350000001,126.9811885
355,서울특별시,동작구,더본병원,서울특별시 동작구 동작대로 67 (사당동),37.482544,126.981461
356,서울특별시,동작구,서울특별시보라매병원,서울특별시 동작구 보라매로5길 20 (신대방동),37.4937715,126.9242962
357,서울특별시,동작구,의료법인성석의료재단동작경희병원,서울특별시 동작구 상도로 146 (상도동),37.5025359,126.9358262
358,서울특별시,동작구,의료법인덕수의료재단보라매요양병원,서울특별시 동작구 여의대방로 134 (대방동),37.4988126,126.9206941
359,서울특별시,동작구,연세제일요양병원,"서울특별시 동작구 성대로 43 (상도동, 우리빌딩)",37.5594218,126.9735536
360,서울특별시,동작구,연세바른병원,"서울특별시 동작구 사당로 300, 2?4층일부및3  층 (사당동, 이수자이)",37.4844319,126.9804651
361,서울특별시,동작구,기분좋은한방병원,"서울특별시 동작구 여의대방로22길 98, 1,2,3층 (신대방동)",37.4977304,126.9253985
362,서울특별시,관악구,척편한병원,"서울특별시 관악구 신림로 318, 4,5층 (신림동, 청암두산위브)",37.482603,126.9303857
363,서울특별시,관악구,조인트힐병원,서울특별시 관악구 난곡로 215 (신림동),37.4737308,126.9175471
364,서울특별시,관악구,강남초이스병원,"서울특별시 관악구 남부순환로 1796, -1,2~5층 (봉천동, 삼호빌딩)",37.4812894,126.9496068
365,서울특별시,관악구,사랑의병원,"서울특별시 관악구 남부순환로 1860, -1,1,3,4,5층 (봉천동,  )",37.47964930000001,126.9562309
366,서울특별시,관악구,미래드림여성병원,서울특별시 관악구 남부순환로 1785 (봉천동),37.4820311,126.9486448
367,서울특별시,관악구,심정병원,"서울특별시 관악구 남부순환로 1485, 삼남빌딩 2~6층 (신림동)",37.4825636,126.9154933
368,서울특별시,관악구,관악서울대학교치과병원,"서울특별시 관악구 관악로 1, 지1~3층 (신림동)",37.4533582,126.9571625
369,서울특별시,관악구,연세건우병원,"서울특별시 관악구 남부순환로 1814, 대연빌딩 3,4,8,9층 (봉천동)",37.48112649999999,126.9515779
370,서울특별시,관악구,강남고려병원,서울특별시 관악구 관악로 242 (봉천동),37.4855464,126.9567668
371,서울특별시,관악구,강남효요양병원,서울특별시 관악구 남부순환로 1704 (봉천동),37.4830136,126.9393538
372,서울특별시,서초구,서울탑치과병원,"서울특별시 서초구 효령로 261-1, 4,5,6,7층 (서초동)",37.4845839,127.0126938
373,서울특별시,서초구,강남요양병원,서울특별시 서초구 서초중앙로 197 (반포동),37.499388,127.0120802
374,서울특별시,서초구,세바른병원,서울특별시 서초구 서초중앙로 47 (서초동),37.4859546,127.0153473
375,서울특별시,서초구,의료법인 참예원의료재단 서초참요양병원,"서울특별시 서초구 양재대로 54, 지1,2층, 2~9층 (우면동, 서초참병원)",37.45976599999999,127.0253509
376,서울특별시,서초구,서울귀한이치과병원,"서울특별시 서초구 잠원로 24, 403,404호 (반포동, 반포자이프라자)",37.5071264,127.0098413
377,서울특별시,서초구,고도일병원,"서울특별시 서초구 강남대로 505 (반포동, 고도일 병원)",37.5069637,127.0226847
378,서울특별시,서초구,의료법인 부원의료재단 서초요양병원,서울특별시 서초구 반포대로9길 42 (서초동),37.4831263,127.0093525
379,서울특별시,서초구,이건목원리한방병원,"서울특별시 서초구 동작대로 196, 1~3층 (방배동)",37.4941021,126.9831912
380,서울특별시,서초구,모커리한방병원,"서울특별시 서초구 서초대로 338, 프로비스타 지하1층 지상2~8층 (서초동)",37.4948162,127.0186113
381,서울특별시,강남구,강남을지대학교병원,"서울특별시 강남구 도산대로 202, 강남을지병원 B2~9층 (논현동)",37.5193936,127.0285771
382,서울특별시,서초구,서울21세기병원,서울특별시 서초구 서초중앙로 39 (서초동),37.4852925,127.0157397
383,서울특별시,서초구,서초프라임요양병원,서울특별시 서초구 방배천로2길 22 (방배동),37.4767277,126.983906
384,서울특별시,강남구,튼튼병원,"서울특별시 강남구 영동대로 713, B1~6층, 7층일부,8층 (청담동)",37.5214129,127.0557153
385,서울특별시,강남구,아림치과병원,"서울특별시 강남구 테헤란로87길 13 (삼성동, 서영빌딩 14층,15층일부)",37.5086379,127.0586148
386,서울특별시,강남구,소우주한방병원,서울특별시 강남구 논현로16길 15 (개포동),37.47664779999999,127.0475046
387,서울특별시,강남구,라이브치과병원,"서울특별시 강남구 논현로105길 48, 1,2층 (역삼동)",37.5055954,127.0302651
388,서울특별시,강남구,굿라이프치과병원,"서울특별시 강남구 강남대로 476, urbanhive (논현동)",37.5049014,127.0247767
389,서울특별시,강남구,아이디병원,"서울특별시 강남구 도산대로 142, 아이디병원 B1층,1,2,3층 (논현동)",37.5176848,127.0242053
390,서울특별시,강남구,광혜병원,"서울특별시 강남구 영동대로86길 9 (대치동, 지하1~2층,2~7층)",37.5080758,127.0648087
391,서울특별시,강남구,재단법인위담 위담한방병원,"서울특별시 강남구 역삼로 430 (대치동, 2층,3층,5층,6층)",37.5013686,127.0541166
392,서울특별시,강남구,비에비스나무병원,"서울특별시 강남구 논현로 627, 유현빌딩 지하2,1~9,12층 (논현동)",37.5136787,127.0317124
393,서울특별시,강남구,메드렉스병원,"서울특별시 강남구 논현로 705, 메드렉스병원 (논현동)",37.5149727,127.0300131
394,서울특별시,강남구,윤호병원,"서울특별시 강남구 압구정로 304, 윤호병원 (지하1층,지하2층,1층~4층,7층)  (신사동)",37.5288868,127.0343893
395,서울특별시,강남구,에스플란트치과병원,"서울특별시 강남구 도산대로 410, 3~8층 (청담동)",37.5228776,127.0405018
396,서울특별시,강남구,서울치과병원,"서울특별시 강남구 언주로165길 5, 3~4층 (신사동)",37.5255109,127.032136
397,서울특별시,강남구,건강한세상앞선치과병원,"서울특별시 강남구 테헤란로87길 36, 도심공항타워 3층 (삼성동)",37.51025560000001,127.058472
398,서울특별시,강남구,수치과병원,"서울특별시 강남구 선릉로 823, 3층 (신사동)",37.5256089,127.0392909
399,서울특별시,강남구,토마스병원,"서울특별시 강남구 언주로174길 15, 구정빌딩 (신사동)",37.5284854,127.0352244
400,서울특별시,강남구,이솝한방병원,"서울특별시 강남구 영동대로96길 34, 대윤빌딩 1층 (삼성동)",37.5112294,127.0652939
401,서울특별시,강남구,강남유나이티드병원,"서울특별시 강남구 남부순환로 2609, 하늘빌딩, 7~12층 (도곡동) (도곡동)",37.4849347,127.0351052
402,서울특별시,강남구,수플란트치과병원,"서울특별시 강남구 선릉로 823, 3층 (신사동)",37.5256089,127.0392909
403,서울특별시,강남구,강남제이에스병원,"서울특별시 강남구 도곡로 122, 제이에스빌딩 (도곡동)",37.48859059999999,127.0452757
404,서울특별시,강남구,호산여성병원,"서울특별시 강남구 언주로 871, 호산병원 (신사동)",37.5283983,127.0332539
405,서울특별시,강남구,(의)가산의료재단 광동병원,서울특별시 강남구 봉은사로 612 (삼성동),37.5142598,127.0621315
406,서울특별시,강남구,재단법인대한스포츠의학재단강남나무병원,"서울특별시 강남구 영동대로 225, 경희한방병원 1층일부,2,3,8층 (대치동)",37.4992777,127.0676736
407,서울특별시,강남구,청담병원,"서울특별시 강남구 삼성로147길 46 (청담동, 청담병원 지하1층, 1층일부, 2층~6층)",37.5206707,127.0456393
408,서울특별시,강남구,케이에스병원,"서울특별시 강남구 선릉로 571 (역삼동, KS병원)",37.5092784,127.0439293
409,서울특별시,강남구,미병원,"서울특별시 강남구 논현로168길 35, 목산빌딩, 지하2층, 3~5층 (신사동)",37.5234814,127.0312103
410,서울특별시,강남구,김정수여러분병원,"서울특별시 강남구 봉은사로 171 (논현동, 지하1층일부,1-5층,6층일부)",37.5072013,127.0325859
411,서울특별시,강남구,강남베드로병원,"서울특별시 강남구 남부순환로 2649, 베드로병원 (도곡동)",37.4853251,127.0377431
412,서울특별시,강남구,연치과병원,"서울특별시 강남구 남부순환로 2941, 대치탑프라자 2층 (대치동)",37.49422680000001,127.0617852
413,서울특별시,강남구,제일정형외과병원,"서울특별시 강남구 영동대로 726, 경일빌딩1~12층, 14층, 지하1~2층, 지하4~5층 (청담동)",37.5227974,127.0561765
414,서울특별시,강남구,지앤지병원,"서울특별시 강남구 영동대로 626, 2~10층 (삼성동, GNG병원빌딩)",37.5162576,127.0596911
415,서울특별시,강남구,의료법인참예원의료재단강남구립행복요양병원,"서울특별시 강남구 헌릉로590길 60 (세곡동, 강남구립 행복요양병원)",37.46114368270429,127.100470177016
416,서울특별시,강남구,담소유병원,"서울특별시 강남구 학동로 234, 담소유빌딩 (논현동)",37.5148215,127.034601
417,서울특별시,강남구,우리들병원,"서울특별시 강남구 학동로 445, 우리들병원 (청담동)",37.5189949,127.0495678
418,서울특별시,강남구,소람한방병원,"서울특별시 강남구 봉은사로 468, 지하5~지상16층 (삼성동)",37.5120441,127.0509403
419,서울특별시,강남구,석플란트치과병원,"서울특별시 강남구 도산대로 238, 1~14층 (논현동)",37.5209378,127.0332132
420,서울특별시,송파구,염창환병원,"서울특별시 송파구 오금로 296, 재정빌딩 지하1층~지상5층 (가락동)",37.5035652,127.1252521
421,서울특별시,송파구,의료법인정애의료재단서울초이스병원,"서울특별시 송파구 올림픽로 579 (풍납동, 서울초이스병원)",37.53369420000001,127.1211921
422,서울특별시,송파구,송파미소병원,"서울특별시 송파구 오금로 513, 위례빌딩 (거여동)",37.4932282,127.1458801
423,서울특별시,송파구,선수촌병원,서울특별시 송파구 올림픽로 76 (잠실동),37.5115663,127.0790214
424,서울특별시,송파구,혜민안과병원,서울특별시 송파구 중대로 122 (가락동),37.4938195,127.1219426
425,서울특별시,송파구,더사랑요양병원,"서울특별시 송파구 마천로 227, 보은빌딩 (마천동)",37.5004903,127.1432053
426,서울특별시,송파구,서재곤링커병원,"서울특별시 송파구 백제고분로 436 (송파동, 서재곤링커병원)",37.509456,127.1120394
427,서울특별시,강동구,연세미래엔미소치과병원,"서울특별시 강동구 상일로10길 36, 2층 202,203호 (상일동, 세종텔레콤지식산업센터)",37.5507517,127.174098
428,서울특별시,강동구,강동연세병원,서울특별시 강동구 올림픽로 734 (천호동),37.546783,127.1266284
429,서울특별시,강동구,리더스병원,서울특별시 강동구 천호대로 1044 (성내동),37.5304933,127.128992
430,서울특별시,강동구,조은마디병원,서울특별시 강동구 천호대로170길 19 (성내동),37.5358991,127.1294535
431,서울특별시,영등포구,서울바른병원,"서울특별시 영등포구 여의대방로 145, 2~7층 (신길동, 세인트빌딩)",37.5001596,126.919916
432,서울특별시,마포구,푸르메재단 넥슨어린이재활병원,"서울특별시 마포구 월드컵북로 494, 지하1층~7층 (상암동, 푸르메재단넥슨어린이재활병원)",37.5846615,126.8805625
433,서울특별시,노원구,노원자생한방병원,"서울특별시 노원구 노해로 507, 7,8층 (상계동, 와우쇼핑몰)",37.6553388,127.0637614
434,서울특별시,노원구,메디아이여성병원,"서울특별시 노원구 노원로 448 (상계동, 메디아이여성병원)",37.656415,127.0670533
435,서울특별시,노원구,참튼튼병원,"서울특별시 노원구 노해로 502, 2층, 3층, 5층 (상계동)",37.6544503,127.0636915
436,서울특별시,양천구,목동자생한방병원,"서울특별시 양천구 신목로 102, 3,5,6층 (목동, 대경프라자)",37.5235882,126.8758373
437,서울특별시,강북구,서울좋은병원,서울특별시 강북구 도봉로 114 (미아동),37.6192905,127.0293683
438,서울특별시,노원구,태능성심요양병원,"서울특별시 노원구 동일로 987, 태릉성심요양병원 (공릉동)",37.6182575,127.074996
439,서울특별시,중구,의료법인 제일의료재단 제일병원,서울특별시 중구 서애로1길 17 (묵정동),37.5615138,126.9991631
440,서울특별시,성동구,서울동인병원,서울특별시 성동구 왕십리로 382 (하왕십리동),37.56398739999999,127.0280247
441,서울특별시,광진구,리안요양병원,서울특별시 광진구 동일로 82-1 (자양동),37.5338296,127.0639826
442,서울특별시,동대문구,브레인요양병원,서울특별시 동대문구 장한로32길 7 (장안동),37.5754787,127.0726056
443,서울특별시,동대문구,경동요양병원,"서울특별시 동대문구 약령시로 124 (청량리동, 지하2~지상10층)",37.5829425,127.0437678
444,서울특별시,동대문구,동서울병원,서울특별시 동대문구 왕산로 18 (신설동),37.5779577,127.0261875
445,서울특별시,중랑구,서울선병원,"서울특별시 중랑구 망우로 373 (상봉동, 서울선병원)",37.5986475,127.0936499
446,서울특별시,양천구,목동연세요양병원,"서울특별시 양천구 목동로 189, 3~4층 (신정동)",37.5252952,126.8641022
447,서울특별시,양천구,서울그린치과병원,"서울특별시 양천구 은행정로 5, 401호, 402호 (신정동, 에벤에셀빌딩)",37.52020030000001,126.8596193
448,서울특별시,도봉구,정병원,서울특별시 도봉구 도봉로 639 (쌍문동),37.6568022,127.0378874
449,서울특별시,도봉구,정요양병원,"서울특별시 도봉구 도봉로 639, 정병원 5,6층 (쌍문동)",37.66156489999999,127.0418466
450,서울특별시,노원구,서울스페셜병원,"서울특별시 노원구 동일로197길 11 (공릉동, 공삼빌딩)",37.6211894,127.1006556
451,서울특별시,은평구,노블요양병원,"서울특별시 은평구 응암로 304, 지1, 1~7층 (응암동)",37.5984583,126.9212102
452,서울특별시,양천구,서울인화요양병원,"서울특별시 양천구 신월로 156, 2,3,4층 (신월동)",37.5173453,126.8411603
453,서울특별시,금천구,뉴연세여성병원,서울특별시 금천구 시흥대로 239 (시흥동),37.4552928,126.8999088
454,서울특별시,강남구,서울특별시서울의료원강남분원,"서울특별시 강남구 봉은사로114길 43, 지하1층~4층 (삼성동)",37.5124488,127.0663382
455,서울특별시,강서구,더와이즈황병원,"서울특별시 강서구 까치산로 23, 더와이즈황병원 (화곡동)",37.5421316,126.843007
456,서울특별시,구로구,남부효요양병원,"서울특별시 구로구 남부순환로 1291 (가리봉동, 영진오피스)",37.4789996,126.8943899
457,서울특별시,구로구,강서효요양병원,"서울특별시 구로구 개봉로19길 3 (개봉동, 강서진료병원)",37.4939722,126.8534974
458,서울특별시,강북구,성신병원,서울특별시 강북구 도봉로 181 (미아동),37.6249464,127.0263162
459,서울특별시,영등포구,유디치과병원,"서울특별시 영등포구 국제금융로6길 26, 3층 (여의도동, 한국노총)",37.5219407,126.9269679
460,서울특별시,영등포구,뉴서울성모요양병원,서울특별시 영등포구 영중로34길 6 (영등포동8가),37.5261298,126.9067091
461,서울특별시,영등포구,초록나무요양병원,"서울특별시 영등포구 가마산로 368 (대림동, 메디칼빌딩)",37.5012356,126.8993419
462,서울특별시,서초구,의료법인 명경의료재단 꽃마을한방병원,"서울특별시 서초구 서초중앙로 110, 4,5층 (서초동, 롯데캐슬메디치빌딩)",37.4915908,127.0145123
463,서울특별시,강남구,이지앤성형외과병원,"서울특별시 강남구 압구정로30길 67 (신사동, 지하1,2층, 지상1층일부, 2,3,4,5층)",37.5229427,127.0292029
464,서울특별시,강남구,경희한성한방병원,"서울특별시 강남구 논현로 609, 2층, 3층일부,4층 (논현동, 정빌딩)",37.5080288,127.0331636
465,서울특별시,강남구,에이플러스치과병원,"서울특별시 강남구 언주로 860 (신사동, 4,5,6층일부)",37.5272308,127.0339237
466,서울특별시,강남구,가우디치과병원,"서울특별시 강남구 테헤란로 520, 4층 (대치동, 삼안빌딩)",37.5078052,127.0610787
467,서울특별시,강남구,요나한방병원,"서울특별시 강남구 남부순환로 2645, 2층 (도곡동, 한독빌딩)",37.4855458,127.0391047
468,서울특별시,강남구,네모치과병원,"서울특별시 강남구 선릉로90길 10 (대치동, 샹제리제센터 제B동 지하층 202호)",37.4961775,127.0735895
469,서울특별시,강남구,유디성신치과병원,"서울특별시 강남구 테헤란로 411, 9층 (삼성동)",37.5057434,127.0506698
470,서울특별시,강남구,마디병원,"서울특별시 강남구 삼성로 646, 마디빌딩, 지하1층~3층, 지상1층~9층 (삼성동)",37.5177039,127.0512128
471,서울특별시,송파구,시그마치과병원,"서울특별시 송파구 올림픽로 289, 3층 (신천동)",37.5146219,127.1025206
472,서울특별시,송파구,자닮인요양병원,"서울특별시 송파구 송이로 81 (가락동, 르노삼성자동차)",37.4987715,127.1203672
473,서울특별시,강동구,러스크강동병원,서울특별시 강동구 양재대로 1596 (명일동),37.5480418,127.1437583
